{"cameraMode":{"drawMode":0,"name":"Shaded","section":"Shading Mode"},"sceneLighting":false,"audioPlay":false,"sceneViewState":{"showFog":true,"showMaterialUpdate":false,"showSkybox":true,"showFlares":true,"showImageEffects":true,"showParticleSystems":true,"showVisualEffectGraphs":true,"m_FxEnabled":true},"in2DMode":false,"pivot":{"x":3.389186382293701,"y":3.486945629119873,"z":43.20915222167969},"rotation":{"x":0.006062264554202557,"y":-0.7391822338104248,"z":0.006651697214692831,"w":0.6734472513198853},"size":4.0530290603637699,"orthographic":false}